{"Camera_0": {"type": "camera", "position": [3.0, 3.0, 3.0], "look_at": [0.0, 0.0, 0.0]}, "Plane": {"type": "obj", "filename": "plane.obj", "translation": [-3, -1, 1], "rotation": [1.5707963267948966, 0, -1.0471975511965976], "scale": [5, 5, 5], "color": [100, 170, 255], "visible": true}, "Motorbike": {"type": "obj", "filename": "motorbike.obj", "translation": [0, 0.5, 0.5], "rotation": [2.0943951023931953, 0, 0], "scale": [2, 2, 2], "color": [50, 225, 50], "visible": true}, "Chairs;0": {"type": "obj", "filename": "chair_model.obj", "translation": [0.0, 0.0, 0.0], "rotation": [1.57075, 0.0, 0], "scale": [0.0, 0.0, 0.0], "color": [255, 0, 0], "visible": true}, "Chairs;1": {"type": "obj", "filename": "chair_model.obj", "translation": [0.3149856487715792, 0.10906489893205074, 0.0], "rotation": [1.57075, 0.3333333333333333, 0], "scale": [0.16666666666666666, 0.16666666666666666, 0.16666666666666666], "color": [255, 30, 0], "visible": true}, "Chairs;2": {"type": "obj", "filename": "chair_model.obj", "translation": [0.5239248405179653, 0.41224653537982464, 0.0], "rotation": [1.57075, 0.6666666666666666, 0], "scale": [0.3333333333333333, 0.3333333333333333, 0.3333333333333333], "color": [255, 60, 0], "visible": true}, "Chairs;3": {"type": "obj", "filename": "chair_model.obj", "translation": [0.5403023058681398, 0.8414709848078965, 0.0], "rotation": [1.57075, 1.0, 0], "scale": [0.5, 0.5, 0.5], "color": [255, 90, 0], "visible": true}, "Chairs;4": {"type": "obj", "filename": "chair_model.obj", "translation": [0.3136500977373192, 1.2959172018177503, 0.0], "rotation": [1.57075, 1.3333333333333333, 0], "scale": [0.6666666666666666, 0.6666666666666666, 0.6666666666666666], "color": [255, 120, 0], "visible": true}, "Chairs;5": {"type": "obj", "filename": "chair_model.obj", "translation": [-0.1595392466906261, 1.6590132629196084, 0.0], "rotation": [1.57075, 1.6666666666666667, 0], "scale": [0.8333333333333334, 0.8333333333333334, 0.8333333333333334], "color": [255, 150, 0], "visible": true}, "Chairs;6": {"type": "obj", "filename": "chair_model.obj", "translation": [-0.8322936730942848, 1.8185948536513634, 0.0], "rotation": [1.57075, 2.0, 0], "scale": [1.0, 1.0, 1.0], "color": [255, 180, 0], "visible": true}, "Chairs;7": {"type": "obj", "filename": "chair_model.obj", "translation": [-1.6117689927497114, 1.6872003907227573, 0.0], "rotation": [1.57075, 2.3333333333333335, 0], "scale": [1.1666666666666667, 1.1666666666666667, 1.1666666666666667], "color": [255, 210, 0], "visible": true}, "Chairs;8": {"type": "obj", "filename": "chair_model.obj", "translation": [-2.3715375152347766, 1.2193936710288318, 0.0], "rotation": [1.57075, 2.6666666666666665, 0], "scale": [1.3333333333333333, 1.3333333333333333, 1.3333333333333333], "color": [255, 240, 0], "visible": true}, "Chairs;9": {"type": "obj", "filename": "chair_model.obj", "translation": [-2.9699774898013365, 0.4233600241796016, 0.0], "rotation": [1.57075, 3.0, 0], "scale": [1.5, 1.5, 1.5], "color": [255, 270, 0], "visible": true}}