{"Camera_0": {"type": "camera", "position": [5.0, 5.0, 1.0], "look_at": [0.0, 0.0, 0.0], "up": [0.0, 0.0, 1.0], "focal_length": 28.0}, "Plane": {"type": "mesh", "filename": "plane_787117.obj", "translation": [1.0, -0.6, -0.7], "rotation": [0.5, -0.5000000000000002, -0.5, 0.5], "scale": [0.5, 0.5, 0.5], "color": [100, 170, 255], "visible": true}, "Motorbike": {"type": "mesh", "filename": "motorbike_4875216.obj", "translation": [0.0, 0.0, -0.95], "rotation": [0.7032331762534041, -0.07391278520356671, 0.0739127852035667, 0.7032331762534042], "scale": [2, 2, 2], "color": [50, 225, 50], "visible": true}, "Room": {"type": "mesh", "filename": "office_chairs_4060419.ply", "translation": [0.0, 0.0, 0.0], "rotation": [0.0, 0.0, 0.0, 1.0], "scale": [1, 1, 1], "color": [255, 255, 255], "visible": true}, "Chairs;0": {"type": "mesh", "filename": "chair_model_3457405.obj", "translation": [2.0, 0.0, -1.0], "rotation": [0.7071067811865475, 0.0, 0.0, 0.7071067811865476], "scale": [1, 1, 1], "color": [255, 0, 0], "visible": true}, "Chairs;1": {"type": "mesh", "filename": "chair_model_3457405.obj", "translation": [1.8899138926294754, 0.6543893935923044, -1.0], "rotation": [0.6532814824381883, 0.2705980500730985, 0.27059805007309856, 0.6532814824381884], "scale": [1, 1, 1], "color": [255, 30, 0], "visible": true}, "Chairs;2": {"type": "mesh", "filename": "chair_model_3457405.obj", "translation": [1.571774521553896, 1.236739606139474, -1.0], "rotation": [0.5, 0.4999999999999999, 0.5, 0.5000000000000001], "scale": [1, 1, 1], "color": [255, 60, 0], "visible": true}}